<?xml version="1.0" encoding="UTF-8"?>
<project-private xmlns="http://www.netbeans.org/ns/project-private/1">
    <editor-bookmarks xmlns="http://www.netbeans.org/ns/editor-bookmarks/2" lastBookmarkId="0"/>
    <open-files xmlns="http://www.netbeans.org/ns/projectui-open-files/2">
        <group>
            <file>file:/C:/Users/shareeza/Documents/NetBeansProjects/Lab8/web/WEB-INF/web.xml</file>
            <file>file:/C:/Users/shareeza/Documents/NetBeansProjects/Lab8/web/index.html</file>
            <file>file:/C:/Users/shareeza/Documents/NetBeansProjects/Lab8/setup/sun-resources.xml</file>
            <file>file:/C:/Users/shareeza/Documents/NetBeansProjects/Lab8/src/java/pizzaOrder/OrderServlet.java</file>
            <file>file:/C:/Users/shareeza/Documents/NetBeansProjects/Lab8/web/WEB-INF/sun-resources.xml</file>
        </group>
    </open-files>
</project-private>
